'invoice_id','branch_id','customer_id','product_id','quantity','date','time','payment','rating'
"101-17-6199",1,3,4,7,"2019-03-13","19:44:00",1,"7.0"
"101-81-4070",1,7,48,2,"2019-01-17","12:36:00",3,"4.9"
"102-06-2002",1,12,60,5,"2019-03-20","17:52:00",3,"6.1"
"102-77-2261",1,13,58,7,"2019-03-05","18:02:00",3,"4.2"
"105-10-6182",1,3,31,2,"2019-02-27","12:22:00",1,"6.6"
"105-31-1824",2,15,47,7,"2019-02-01","15:10:00",1,"8.5"
"106-35-6779",3,4,28,2,"2019-03-27","11:26:00",1,"5.8"
"109-28-2512",3,18,5,6,"2019-01-07","15:01:00",2,"9.9"
"109-86-4363",3,13,47,7,"2019-02-14","11:36:00",2,"4.5"
"110-05-6330",1,14,24,6,"2019-03-25","20:18:00",3,"9.4"
"110-48-7033",2,16,11,4,"2019-01-29","14:12:00",2,"9.0"
"114-35-5271",3,15,5,8,"2019-02-07","15:06:00",2,"8.1"
"115-38-7388",2,10,27,8,"2019-03-30","12:51:00",3,"9.5"
"115-99-4379",1,5,26,7,"2019-03-14","19:02:00",2,"8.5"
"118-62-1812",2,17,50,4,"2019-03-24","17:56:00",3,"7.9"
"120-06-4233",3,16,42,6,"2019-03-12","20:36:00",3,"9.3"
"120-54-2248",2,11,54,5,"2019-01-22","18:08:00",2,"8.0"
"122-61-9553",3,8,8,9,"2019-03-14","19:33:00",3,"5.6"
"123-19-1176",2,14,2,8,"2019-01-27","20:33:00",1,"8.4"
"123-35-4896",1,7,43,9,"2019-02-17","19:11:00",3,"5.3"
"124-31-1458",3,19,23,3,"2019-01-08","14:30:00",1,"6.6"
"125-45-2293",2,5,5,6,"2019-01-19","13:11:00",1,"4.2"
"126-54-1082",3,13,55,9,"2019-01-07","11:44:00",1,"8.8"
"127-47-6963",1,18,51,4,"2019-03-09","13:53:00",1,"9.8"
"129-29-8530",3,19,51,5,"2019-03-10","19:15:00",1,"7.0"
"130-67-4723",1,8,39,6,"2019-01-11","13:57:00",1,"9.4"
"130-98-8941",3,6,10,7,"2019-02-09","10:00:00",3,"5.7"
"131-15-8856",1,7,26,8,"2019-03-30","19:26:00",3,"4.0"
"131-70-8179",2,7,18,3,"2019-02-17","16:27:00",1,"4.2"
"132-23-6451",3,9,23,5,"2019-01-04","13:21:00",1,"7.8"
"132-32-9879",3,18,22,4,"2019-03-09","18:00:00",2,"9.5"
"133-14-7229",2,1,41,2,"2019-01-01","11:43:00",3,"5.0"
"133-77-3154",2,11,30,4,"2019-02-16","18:04:00",2,"9.4"
"134-54-4720",1,16,2,8,"2019-01-30","13:58:00",2,"5.7"
"134-75-2619",2,13,10,7,"2019-03-25","18:51:00",1,"6.9"
"135-13-8269",3,8,20,2,"2019-01-26","16:04:00",2,"9.1"
"135-84-8019",3,20,6,9,"2019-02-27","16:10:00",1,"7.6"
"136-08-6195",2,4,30,8,"2019-02-15","17:01:00",1,"6.4"
"137-63-5492",2,11,47,10,"2019-01-29","14:26:00",3,"9.0"
"137-74-8729",1,11,14,8,"2019-03-13","12:47:00",3,"6.8"
"138-17-5109",2,16,19,9,"2019-01-15","15:42:00",1,"6.5"
"139-20-0155",1,5,43,10,"2019-01-24","17:37:00",2,"7.0"
"139-32-4183",2,8,50,9,"2019-03-14","14:19:00",1,"7.4"
"139-52-2867",2,9,47,7,"2019-02-13","10:50:00",3,"4.8"
"142-63-6033",3,7,2,5,"2019-03-20","19:17:00",2,"4.9"
"142-72-4741",3,15,2,2,"2019-02-28","18:37:00",3,"6.0"
"142-72-4741",3,15,2,2,"2019-02-28","18:37:00",3,"6.0"
"144-51-6085",1,9,26,4,"2019-01-05","16:05:00",1,"4.4"
"145-94-9061",3,20,12,5,"2019-01-25","19:48:00",2,"9.6"
"146-09-5432",1,7,35,9,"2019-02-09","19:17:00",1,"4.6"
"148-41-7930",1,1,39,7,"2019-01-23","10:33:00",3,"6.1"
"148-82-2527",1,9,14,10,"2019-03-05","13:44:00",3,"8.4"
"149-14-0304",3,4,28,8,"2019-02-06","14:24:00",3,"6.6"
"149-15-7606",1,12,10,9,"2019-03-06","15:31:00",2,"5.1"
"149-61-1929",1,12,4,10,"2019-01-19","14:08:00",1,"6.7"
"149-71-6266",1,8,45,9,"2019-01-28","12:43:00",2,"4.5"
"150-89-8043",2,1,24,3,"2019-02-14","15:04:00",1,"6.2"
"151-16-1484",3,12,29,4,"2019-02-13","12:38:00",1,"6.5"
"151-27-8496",3,17,52,4,"2019-01-19","11:43:00",3,"8.6"
"151-33-7434",1,14,37,1,"2019-02-04","20:43:00",2,"6.5"
"152-03-4217",1,8,11,9,"2019-03-17","11:55:00",2,"4.3"
"152-08-9985",1,7,9,9,"2019-03-12","12:09:00",2,"8.6"
"152-68-2907",2,17,46,3,"2019-02-15","13:30:00",1,"9.5"
"153-58-4872",1,19,49,4,"2019-03-01","15:32:00",3,"4.2"
"154-74-7179",2,6,52,1,"2019-02-26","19:24:00",2,"7.9"
"154-87-7367",3,1,8,8,"2019-03-15","14:04:00",3,"6.3"
"155-45-3814",3,17,11,8,"2019-03-19","15:29:00",3,"4.7"
"156-20-0370",1,10,15,1,"2019-03-10","18:10:00",2,"5.1"
"156-95-3964",3,3,52,4,"2019-03-25","15:19:00",1,"8.0"
"157-13-5295",2,17,12,10,"2019-03-09","18:24:00",1,"6.5"
"160-22-2687",2,3,27,5,"2019-01-23","14:21:00",1,"8.8"
"162-48-8011",2,9,40,5,"2019-02-10","15:10:00",1,"8.5"
"162-65-8559",3,8,43,1,"2019-01-21","20:13:00",3,"4.8"
"163-56-7055",3,2,2,1,"2019-03-26","19:20:00",3,"4.1"
"166-19-2553",1,17,15,6,"2019-01-18","17:26:00",1,"9.9"
"169-52-4504",1,19,11,3,"2019-03-14","14:13:00",1,"5.8"
"172-42-8274",3,2,28,2,"2019-03-02","18:18:00",2,"5.8"
"173-50-1108",2,4,39,4,"2019-02-13","12:14:00",2,"5.0"
"173-57-2300",1,13,5,2,"2019-03-13","12:51:00",3,"6.1"
"173-82-9529",3,5,39,10,"2019-01-26","14:51:00",2,"9.7"
"174-36-3675",2,9,24,2,"2019-02-14","17:29:00",3,"5.2"
"174-64-0215",2,10,57,10,"2019-03-05","17:49:00",2,"8.9"
"174-75-0888",1,15,41,9,"2019-03-14","12:32:00",2,"7.3"
"175-54-2529",1,14,29,8,"2019-03-03","17:01:00",1,"9.6"
"176-64-7711",3,15,59,3,"2019-03-27","19:11:00",2,"4.3"
"176-78-1170",1,20,43,3,"2019-01-26","15:11:00",3,"7.3"
"181-82-6255",3,10,39,6,"2019-02-08","10:58:00",2,"7.0"
"181-94-6432",2,19,41,2,"2019-02-05","19:05:00",3,"9.7"
"182-52-7000",3,5,49,4,"2019-01-01","20:26:00",1,"6.9"
"182-69-8360",1,5,6,4,"2019-01-30","13:32:00",2,"4.0"
"182-88-2763",3,12,39,3,"2019-03-20","19:28:00",2,"5.0"
"183-21-3799",1,1,52,9,"2019-02-19","15:14:00",3,"7.2"
"183-56-6882",2,17,37,4,"2019-02-06","10:42:00",3,"7.5"
"186-09-3669",2,19,16,1,"2019-01-22","10:57:00",3,"9.2"
"186-43-8965",3,5,50,2,"2019-02-24","10:10:00",1,"4.1"
"186-71-5196",3,13,5,2,"2019-03-27","16:30:00",1,"6.2"
"186-79-9562",2,9,27,7,"2019-03-29","14:06:00",2,"8.9"
"187-83-5490",2,13,23,4,"2019-01-31","13:47:00",1,"4.7"
"188-55-0967",3,20,39,10,"2019-01-15","15:01:00",2,"5.0"
"189-08-9157",1,1,60,9,"2019-01-08","16:17:00",3,"5.9"
"189-17-4241",1,2,23,2,"2019-03-10","12:17:00",1,"7.7"
"189-40-5216",2,7,49,7,"2019-01-09","11:40:00",3,"6.0"
"189-52-0236",2,9,37,7,"2019-03-14","12:07:00",1,"7.6"
"189-55-2313",1,18,34,10,"2019-01-31","10:33:00",3,"6.0"
"189-98-2939",1,3,30,9,"2019-03-01","13:22:00",3,"7.2"
"190-14-3147",2,12,45,4,"2019-02-23","20:43:00",2,"6.4"
"190-59-3964",3,2,37,5,"2019-02-03","14:35:00",2,"6.0"
"191-10-6171",1,20,5,7,"2019-01-25","13:18:00",2,"7.5"
"191-29-0321",1,3,34,10,"2019-02-27","18:57:00",2,"5.0"
"192-98-7397",3,15,60,1,"2019-01-08","14:11:00",3,"9.5"
"195-06-0432",3,18,16,3,"2019-01-13","12:55:00",1,"9.3"
"196-01-2849",2,20,27,7,"2019-02-10","13:56:00",3,"9.5"
"197-77-7132",3,3,23,8,"2019-01-12","18:22:00",2,"6.0"
"198-66-9832",1,17,3,2,"2019-02-04","19:38:00",2,"9.5"
"198-84-7132",1,7,21,9,"2019-01-02","13:40:00",2,"7.0"
"199-75-8169",2,1,36,10,"2019-03-06","12:27:00",1,"8.6"
"200-16-5952",2,14,57,2,"2019-01-17","16:46:00",3,"6.0"
"200-40-6154",2,1,15,6,"2019-02-09","11:45:00",2,"5.7"
"201-63-8275",2,20,19,7,"2019-02-17","16:50:00",3,"5.7"
"201-86-2184",1,17,45,7,"2019-02-02","19:40:00",2,"9.9"
"207-73-1363",3,20,57,2,"2019-03-01","12:15:00",2,"8.1"
"209-61-0206",1,18,54,5,"2019-01-05","17:29:00",1,"6.1"
"210-30-7976",3,20,46,4,"2019-03-14","11:16:00",2,"4.1"
"210-57-1719",2,8,25,9,"2019-02-05","12:34:00",2,"9.7"
"210-67-5886",2,6,52,3,"2019-02-05","10:41:00",3,"7.8"
"210-74-9613",1,11,33,4,"2019-03-16","15:33:00",3,"6.8"
"211-05-0490",1,19,53,5,"2019-03-03","13:42:00",3,"7.5"
"211-30-9270",3,19,60,5,"2019-01-28","15:16:00",3,"4.9"
"212-62-1842",1,9,48,6,"2019-03-28","16:44:00",1,"9.9"
"213-32-1216",3,1,11,6,"2019-01-23","10:28:00",1,"7.3"
"213-72-6612",2,3,18,2,"2019-03-20","15:56:00",1,"6.2"
"214-17-6927",1,15,11,6,"2019-02-07","18:23:00",3,"9.9"
"214-30-2776",3,7,51,5,"2019-03-11","19:44:00",2,"9.0"
"217-58-1179",1,5,46,4,"2019-01-05","11:25:00",1,"4.2"
"218-59-9410",3,3,29,3,"2019-03-29","16:54:00",1,"8.2"
"219-22-9386",1,1,25,9,"2019-03-09","17:26:00",2,"4.2"
"219-61-4139",2,1,8,1,"2019-01-23","17:16:00",3,"6.4"
"220-28-1851",1,2,53,2,"2019-03-01","18:14:00",1,"9.7"
"220-68-6701",2,11,6,4,"2019-03-17","16:36:00",1,"4.2"
"221-25-5073",2,17,58,4,"2019-03-04","10:39:00",1,"8.5"
"222-42-0244",3,20,14,9,"2019-01-28","13:53:00",2,"7.7"
"225-32-0908",2,7,44,10,"2019-01-26","19:54:00",3,"8.2"
"225-98-1496",2,4,18,3,"2019-03-02","13:01:00",3,"7.1"
"226-31-3081",1,4,12,5,"2019-03-08","10:29:00",3,"9.6"
"226-34-0034",3,2,37,4,"2019-01-10","11:10:00",2,"9.0"
"226-71-3580",3,13,18,9,"2019-01-31","12:02:00",3,"9.5"
"227-03-5010",3,15,23,8,"2019-03-22","19:20:00",1,"8.5"
"227-07-4446",3,15,58,10,"2019-02-10","20:51:00",3,"4.4"
"227-50-3718",1,9,31,5,"2019-03-04","12:23:00",1,"4.4"
"227-78-1148",2,8,39,7,"2019-02-15","12:44:00",2,"8.4"
"228-96-1411",3,19,21,8,"2019-03-04","20:39:00",3,"7.6"
"232-11-3025",3,20,13,10,"2019-01-24","10:04:00",1,"6.4"
"232-16-2483",2,9,26,1,"2019-01-07","12:28:00",3,"6.8"
"233-34-0817",2,11,50,1,"2019-02-15","11:21:00",3,"8.4"
"233-67-5758",1,8,39,1,"2019-01-29","13:46:00",3,"6.2"
"234-03-4040",1,8,47,10,"2019-03-03","12:25:00",2,"8.7"
"234-36-2483",2,6,1,6,"2019-02-15","13:51:00",2,"5.1"
"234-65-2137",2,8,58,10,"2019-01-16","13:32:00",3,"4.8"
"235-06-8510",3,12,23,3,"2019-01-24","20:59:00",3,"5.1"
"235-46-8343",2,19,17,10,"2019-02-14","11:26:00",3,"8.9"
"236-27-1144",3,7,15,9,"2019-03-26","10:31:00",3,"8.4"
"236-86-3015",2,19,7,1,"2019-02-04","13:38:00",3,"9.8"
"237-01-6122",3,1,40,9,"2019-02-01","20:31:00",3,"9.5"
"237-44-6163",2,10,52,8,"2019-01-24","17:43:00",1,"7.6"
"213-72-6612",2,3,18,2,"2019-03-20","15:56:00",1,"6.2"
"214-17-6927",1,15,11,6,"2019-02-07","18:23:00",3,"9.9"
"214-30-2776",3,7,51,5,"2019-03-11","19:44:00",2,"9.0"
"217-58-1179",1,5,46,4,"2019-01-05","11:25:00",1,"4.2"
"218-59-9410",3,3,29,3,"2019-03-29","16:54:00",1,"8.2"
"219-22-9386",1,1,25,9,"2019-03-09","17:26:00",2,"4.2"
"238-45-6950",2,9,2,1,"2019-03-01","20:03:00",2,"6.4"
"238-49-0436",2,17,6,8,"2019-03-27","13:48:00",1,"4.9"
"239-10-7476",3,5,27,6,"2019-01-21","16:37:00",1,"8.0"
"239-36-3640",1,8,36,6,"2019-01-31","13:44:00",2,"6.1"
"239-48-4278",1,16,59,7,"2019-03-10","19:35:00",1,"8.3"
"241-11-2261",2,19,42,7,"2019-01-10","10:33:00",2,"5.5"
"241-72-9525",3,8,22,10,"2019-02-16","12:21:00",2,"8.2"
"241-96-5076",2,5,51,2,"2019-01-08","12:58:00",2,"6.4"
"242-11-3142",3,4,49,2,"2019-02-24","19:57:00",2,"4.6"
"242-55-6721",2,8,47,2,"2019-03-07","11:49:00",2,"6.5"
"243-47-2663",3,11,12,6,"2019-01-28","16:43:00",3,"5.5"
"243-55-8457",1,2,37,10,"2019-02-27","11:40:00",1,"5.1"
"244-08-0162",2,20,20,10,"2019-01-02","13:00:00",2,"5.1"
"246-11-3901",2,5,11,10,"2019-02-15","12:12:00",3,"6.2"
"246-55-6923",2,9,54,9,"2019-03-10","15:06:00",3,"5.1"
"247-11-2470",1,20,13,4,"2019-03-01","16:23:00",1,"4.4"
"249-42-3782",3,14,20,5,"2019-01-03","11:36:00",1,"5.5"
"250-17-5703",1,17,25,10,"2019-02-27","18:24:00",1,"5.6"
"250-81-7186",3,17,13,1,"2019-02-27","10:23:00",3,"8.0"
"252-56-2699",3,20,40,10,"2019-02-07","16:48:00",1,"8.2"
"253-12-6086",2,17,1,7,"2019-03-12","12:43:00",1,"8.7"
"254-31-0042",1,16,11,9,"2019-03-06","12:46:00",1,"7.8"
"256-08-8343",1,19,53,4,"2019-03-04","19:48:00",1,"5.5"
"256-58-3609",1,7,28,1,"2019-03-18","15:29:00",3,"9.8"
"257-60-7754",2,18,60,4,"2019-01-08","17:12:00",1,"9.0"
"257-73-1380",1,12,11,4,"2019-01-20","16:51:00",3,"9.6"
"258-69-7810",2,6,60,5,"2019-01-26","18:53:00",3,"9.2"
"258-92-7466",3,14,56,5,"2019-02-06","18:33:00",1,"6.6"
"261-12-8671",1,13,11,2,"2019-01-25","19:39:00",2,"4.9"
"262-47-2794",2,11,39,8,"2019-03-06","15:07:00",2,"6.2"
"263-10-3913",2,4,36,9,"2019-01-09","14:20:00",3,"8.6"
"263-12-5321",2,6,51,7,"2019-02-27","12:52:00",1,"9.3"
"263-87-5680",2,4,13,10,"2019-03-18","17:38:00",3,"7.8"
"266-20-6657",1,12,59,7,"2019-03-12","19:39:00",3,"5.2"
"266-76-6436",1,2,60,3,"2019-03-28","13:57:00",3,"7.5"
"267-62-7380",1,18,59,10,"2019-03-29","19:12:00",3,"4.3"
"268-03-6164",1,11,11,1,"2019-01-25","16:28:00",2,"7.8"
"268-20-3585",1,15,7,9,"2019-02-04","12:50:00",3,"6.0"
"268-27-6179",1,19,5,8,"2019-03-09","14:57:00",2,"7.3"
"269-04-5750",2,13,18,4,"2019-02-21","18:31:00",2,"6.7"
"269-10-8440",1,17,29,7,"2019-01-21","18:01:00",1,"8.9"
"271-77-8740",1,1,17,6,"2019-01-01","11:40:00",3,"5.0"
"271-88-8734",2,11,15,10,"2019-02-08","13:00:00",3,"8.7"
"272-27-9238",3,2,60,4,"2019-02-19","16:23:00",3,"7.1"
"272-65-1806",2,11,16,9,"2019-01-15","17:17:00",1,"4.7"
"273-16-6619",3,2,19,2,"2019-03-15","12:20:00",2,"4.4"
"273-84-2164",1,19,30,5,"2019-02-16","15:53:00",3,"5.5"
"274-05-5470",1,1,10,4,"2019-02-23","18:30:00",1,"6.0"
"275-28-0149",2,7,51,1,"2019-02-25","16:21:00",1,"6.0"
"276-54-0879",1,2,37,4,"2019-03-12","19:53:00",2,"6.4"
"276-75-6884",2,7,18,3,"2019-03-04","10:05:00",1,"8.7"
"277-35-5865",3,13,23,9,"2019-03-09","11:23:00",3,"6.7"
"277-63-2961",3,9,48,1,"2019-02-03","15:53:00",2,"5.4"
"278-86-2735",3,3,46,3,"2019-03-27","14:03:00",1,"9.2"
"278-97-7759",2,10,8,1,"2019-02-18","20:29:00",1,"4.7"
"279-62-1445",3,3,40,1,"2019-02-21","12:38:00",3,"8.2"
"279-74-2924",3,3,10,1,"2019-01-04","19:40:00",2,"6.1"
"280-17-4359",1,6,14,10,"2019-01-25","13:48:00",3,"8.1"
"280-35-5823",1,14,28,1,"2019-01-17","18:45:00",2,"7.9"
"282-35-2475",3,3,2,2,"2019-03-25","17:53:00",2,"6.3"
"283-26-5248",2,7,25,10,"2019-01-30","20:23:00",3,"4.5"
"283-79-9594",2,15,7,7,"2019-01-25","13:30:00",2,"5.2"
"284-34-9626",3,4,16,3,"2019-02-11","10:39:00",2,"7.2"
"284-54-4231",3,8,5,1,"2019-01-19","16:08:00",3,"9.0"
"285-68-5083",3,13,15,3,"2019-02-15","17:47:00",3,"10.0"
"286-01-5402",2,17,47,7,"2019-03-30","13:22:00",1,"9.6"
"286-43-6208",3,4,46,9,"2019-03-16","19:08:00",3,"9.2"
"286-62-6248",1,11,29,4,"2019-01-16","20:03:00",2,"9.0"
"286-75-7818",3,20,40,2,"2019-01-31","19:48:00",2,"6.9"
"287-21-9091",1,9,34,9,"2019-01-22","10:55:00",1,"9.4"
"287-83-1405",1,18,1,6,"2019-02-12","19:01:00",1,"7.0"
"288-38-3758",2,16,29,3,"2019-01-25","18:30:00",3,"7.4"
"288-62-1085",2,3,10,5,"2019-01-09","13:34:00",1,"5.6"
"289-15-7034",3,13,28,4,"2019-01-11","10:37:00",1,"7.5"
"289-65-5721",1,19,41,2,"2019-01-26","19:28:00",2,"6.5"
"290-68-2984",2,9,14,4,"2019-03-16","11:22:00",1,"5.2"
"291-21-5991",3,15,58,5,"2019-03-29","14:28:00",2,"7.0"
"291-32-1427",2,2,20,5,"2019-03-05","12:29:00",2,"5.3"
"291-55-6563",1,5,20,6,"2019-03-30","12:45:00",1,"7.5"
"291-59-1384",2,6,17,1,"2019-02-28","17:38:00",2,"6.0"
"296-11-7041",3,8,5,1,"2019-01-12","20:07:00",2,"5.3"
"299-29-0180",2,18,5,7,"2019-03-09","10:54:00",2,"9.3"
"299-46-1805",1,1,57,6,"2019-01-15","16:19:00",2,"4.5"
"300-71-4605",1,1,54,5,"2019-02-25","11:24:00",3,"4.8"
"301-11-9629",2,20,44,7,"2019-01-15","10:43:00",1,"9.7"
"301-81-8610",3,13,9,8,"2019-03-19","19:42:00",2,"6.7"
"302-15-2162",2,18,29,6,"2019-03-03","10:54:00",3,"4.3"
"303-96-2227",3,17,56,10,"2019-03-02","17:16:00",2,"4.4"
"305-03-2383",2,1,41,3,"2019-02-15","10:36:00",1,"7.5"
"305-14-0245",1,20,1,8,"2019-03-03","19:00:00",2,"7.5"
"305-18-3552",2,11,13,10,"2019-02-12","16:19:00",2,"6.0"
"305-89-2768",1,19,37,3,"2019-01-09","18:43:00",2,"4.7"
"307-04-2070",3,14,42,1,"2019-02-05","14:14:00",1,"4.1"
"307-83-9164",2,20,42,4,"2019-01-25","15:54:00",1,"4.5"
"307-85-2293",3,9,25,5,"2019-03-07","13:58:00",2,"9.7"
"308-39-1707",1,14,58,1,"2019-01-26","18:19:00",1,"8.2"
"308-47-4913",3,10,59,10,"2019-03-09","12:45:00",1,"6.2"
"308-81-0538",3,18,18,4,"2019-02-25","17:16:00",1,"4.9"
"311-13-6971",2,15,42,10,"2019-02-20","15:18:00",2,"9.9"
"313-66-9943",3,14,38,3,"2019-03-27","20:29:00",2,"7.3"
"886-54-6089",2,11,47,6,"2019-01-15","17:24:00",1,"7.7"
"886-77-9084",3,10,41,8,"2019-02-19","11:33:00",3,"5.5"
"887-42-0517",1,13,42,7,"2019-01-10","10:31:00",3,"6.6"
"888-02-0338",1,3,31,9,"2019-01-25","20:24:00",1,"5.9"
"889-04-9723",1,20,39,4,"2019-01-07","12:20:00",2,"7.8"
"891-01-7034",3,6,56,6,"2019-01-01","19:07:00",2,"6.7"
"891-58-8335",2,15,43,7,"2019-03-11","15:53:00",2,"6.5"
"314-23-4520",2,8,12,7,"2019-01-15","20:44:00",3,"9.0"
"315-22-5665",2,1,50,10,"2019-02-24","11:38:00",3,"8.0"
"316-01-3952",1,16,60,5,"2019-03-13","14:16:00",1,"4.6"
"316-55-4634",1,13,33,5,"2019-01-26","12:45:00",2,"9.4"
"316-66-3011",3,9,27,9,"2019-01-23","12:35:00",1,"5.0"
"316-68-6352",1,13,59,2,"2019-01-21","10:00:00",1,"7.1"
"318-12-0304",2,13,8,1,"2019-01-23","12:20:00",1,"5.2"
"318-68-5053",2,20,37,6,"2019-02-27","17:55:00",2,"6.1"
"318-81-2368",3,12,38,1,"2019-03-19","12:16:00",3,"6.3"
"319-50-3348",2,16,2,2,"2019-03-11","15:30:00",2,"4.4"
"319-74-2561",1,12,4,3,"2019-02-21","16:55:00",1,"5.5"
"320-32-8842",2,1,44,1,"2019-03-17","18:58:00",3,"6.4"
"320-49-6392",1,6,39,1,"2019-03-04","15:44:00",3,"8.4"
"320-85-2052",1,18,5,1,"2019-01-14","10:11:00",2,"7.0"
"321-49-7382",2,19,37,1,"2019-02-15","17:38:00",2,"5.2"
"322-02-2271",2,3,2,3,"2019-02-03","11:46:00",2,"9.3"
"324-41-6833",1,13,36,8,"2019-03-03","19:30:00",3,"5.1"
"324-92-3863",2,13,12,2,"2019-02-05","18:45:00",1,"9.8"
"325-77-6186",2,16,43,10,"2019-03-08","10:53:00",1,"7.3"
"325-89-4209",1,6,20,1,"2019-02-05","19:42:00",1,"6.7"
"325-90-8763",3,2,36,10,"2019-01-27","13:58:00",3,"7.6"
"326-71-2155",2,3,59,4,"2019-02-03","10:02:00",3,"6.1"
"326-78-5178",2,11,20,7,"2019-02-03","10:19:00",3,"9.5"
"327-40-9673",3,19,54,6,"2019-01-13","19:51:00",2,"6.9"
"329-62-1586",1,3,47,3,"2019-01-21","18:00:00",1,"8.6"
"333-23-2632",1,18,20,7,"2019-03-28","20:14:00",1,"4.2"
"333-73-7901",1,3,16,8,"2019-03-23","13:24:00",3,"7.6"
"334-64-2006",2,15,40,2,"2019-03-24","14:22:00",1,"9.6"
"336-78-2147",1,18,31,8,"2019-03-13","19:52:00",3,"4.6"
"338-65-2210",1,11,55,10,"2019-02-05","19:57:00",3,"9.1"
"339-12-4827",1,11,57,1,"2019-01-05","11:32:00",2,"5.0"
"339-18-7061",2,19,28,2,"2019-02-13","15:06:00",3,"8.0"
"339-38-9982",1,20,8,2,"2019-01-13","14:55:00",2,"6.7"
"339-96-8318",1,7,26,7,"2019-03-01","19:49:00",2,"6.3"
"340-21-9136",3,17,4,4,"2019-01-25","11:40:00",1,"9.7"
"340-66-0321",2,11,43,4,"2019-03-25","13:07:00",1,"7.6"
"342-65-4817",1,20,23,3,"2019-01-28","16:47:00",3,"9.9"
"343-61-3544",1,2,20,10,"2019-01-29","11:48:00",2,"8.6"
"343-75-9322",1,18,11,8,"2019-01-09","16:34:00",2,"4.1"
"343-87-0864",2,17,43,1,"2019-01-03","10:30:00",3,"7.1"
"345-08-4992",2,11,59,6,"2019-03-08","15:37:00",1,"7.7"
"345-68-9016",3,14,51,8,"2019-01-02","16:19:00",3,"5.6"
"346-12-3257",2,4,12,9,"2019-03-04","16:28:00",2,"8.0"
"346-84-3103",1,18,25,5,"2019-03-02","19:26:00",2,"4.3"
"347-34-2234",1,19,24,9,"2019-02-03","13:40:00",2,"10.0"
"347-56-2442",1,6,46,1,"2019-02-22","15:33:00",1,"4.1"
"347-72-6115",3,19,45,7,"2019-01-16","18:03:00",2,"6.2"
"349-97-8902",2,11,39,2,"2019-01-17","10:37:00",2,"8.9"
"351-62-0822",1,4,21,4,"2019-02-06","18:07:00",2,"4.5"
"354-25-5821",3,16,3,6,"2019-02-08","13:03:00",2,"5.6"
"354-39-5160",2,1,57,6,"2019-02-18","15:39:00",1,"9.8"
"355-34-6244",2,17,35,2,"2019-01-13","19:55:00",2,"8.1"
"355-53-5943",1,8,11,6,"2019-02-25","14:36:00",1,"5.8"
"356-44-8813",3,5,11,3,"2019-01-20","13:45:00",2,"7.7"
"358-88-9262",1,20,12,6,"2019-02-01","18:43:00",3,"5.1"
"359-90-3665",3,3,57,4,"2019-01-14","18:03:00",2,"9.5"
"359-94-5395",1,11,5,1,"2019-03-15","10:50:00",2,"9.8"
"360-39-5055",1,15,26,5,"2019-03-09","10:17:00",3,"6.6"
"361-59-0574",1,18,7,8,"2019-03-15","14:48:00",2,"6.5"
"316-68-6352",1,13,59,2,"2019-01-21","10:00:00",1,"7.1"
"318-12-0304",2,13,8,1,"2019-01-23","12:20:00",1,"5.2"
"318-68-5053",2,20,37,6,"2019-02-27","17:55:00",2,"6.1"
"318-81-2368",3,12,38,1,"2019-03-19","12:16:00",3,"6.3"
"319-50-3348",2,16,2,2,"2019-03-11","15:30:00",2,"4.4"
"319-74-2561",1,12,4,3,"2019-02-21","16:55:00",1,"5.5"
"361-85-2571",3,20,18,5,"2019-03-30","10:18:00",1,"7.4"
"362-58-8315",1,4,48,5,"2019-03-25","10:23:00",3,"9.9"
"364-33-8584",1,16,49,5,"2019-03-08","15:27:00",2,"8.5"
"364-34-2972",2,20,36,3,"2019-03-30","20:37:00",3,"6.7"
"365-16-4334",3,19,19,8,"2019-02-24","14:26:00",2,"8.9"
"365-64-0515",3,17,24,5,"2019-02-12","10:25:00",1,"7.1"
"366-43-6862",3,13,26,4,"2019-03-25","16:32:00",2,"6.7"
"366-93-0948",1,11,19,1,"2019-01-31","10:46:00",1,"9.7"
"369-82-2676",2,14,1,5,"2019-01-15","18:22:00",2,"7.8"
"370-41-7321",3,17,41,9,"2019-02-27","17:24:00",2,"8.4"
"370-96-0655",2,10,24,6,"2019-01-09","13:46:00",3,"7.1"
"371-85-5789",1,7,39,3,"2019-03-05","10:40:00",2,"5.1"
"372-26-1506",3,19,45,5,"2019-01-28","19:24:00",3,"5.4"
"372-62-5264",2,18,25,9,"2019-01-16","14:42:00",3,"7.6"
"372-94-8041",2,14,59,6,"2019-02-15","18:03:00",1,"9.8"
"373-09-4567",3,2,57,10,"2019-03-14","20:35:00",3,"6.9"
"373-14-0504",2,2,3,2,"2019-02-12","14:33:00",1,"8.8"
"373-73-7910",3,7,47,7,"2019-02-08","10:37:00",1,"5.3"
"373-88-1424",2,14,36,5,"2019-02-06","18:44:00",3,"7.9"
"374-17-3652",3,20,49,9,"2019-02-05","15:26:00",2,"8.9"
"374-38-5555",3,18,18,5,"2019-02-07","19:30:00",2,"8.5"
"375-72-3056",3,13,48,3,"2019-01-19","15:58:00",2,"7.0"
"376-02-8238",3,11,2,8,"2019-02-02","18:42:00",2,"8.3"
"376-56-3573",3,19,43,4,"2019-02-02","13:23:00",3,"6.4"
"377-79-7592",1,7,5,9,"2019-01-14","14:00:00",3,"7.5"
"378-07-7001",1,5,31,3,"2019-02-10","18:23:00",2,"7.8"
"378-24-2715",2,17,10,2,"2019-01-20","20:38:00",2,"4.1"
"379-17-6588",3,11,45,10,"2019-03-14","11:07:00",3,"5.3"
"380-60-5336",3,14,42,10,"2019-02-24","18:06:00",1,"5.0"
"380-94-4661",2,5,43,4,"2019-02-07","13:05:00",3,"6.9"
"381-20-0914",3,3,41,9,"2019-01-12","15:48:00",1,"5.7"
"382-03-4532",3,8,40,1,"2019-02-02","18:50:00",1,"4.3"
"382-25-8917",1,20,57,6,"2019-01-29","12:25:00",3,"8.9"
"384-59-6655",3,16,56,9,"2019-02-19","15:07:00",1,"8.4"
"386-27-7606",3,5,53,7,"2019-03-23","15:59:00",3,"8.1"
"387-49-4215",1,17,51,3,"2019-01-08","12:50:00",2,"6.7"
"388-76-2555",3,20,3,6,"2019-02-13","13:59:00",2,"6.3"
"389-25-3394",1,3,15,5,"2019-02-17","18:06:00",3,"9.4"
"389-70-2397",2,8,19,5,"2019-02-21","10:26:00",3,"7.2"
"390-17-5806",2,17,33,1,"2019-02-02","16:33:00",3,"8.6"
"390-31-6381",1,8,11,3,"2019-01-07","12:37:00",3,"7.3"
"390-80-5128",2,20,41,1,"2019-01-28","17:58:00",2,"9.5"
"393-65-2792",2,8,41,10,"2019-01-06","12:46:00",3,"9.6"
"394-30-3170",2,4,33,8,"2019-03-22","19:35:00",2,"4.3"
"394-41-0748",3,11,16,9,"2019-01-27","14:55:00",3,"9.5"
"394-43-4238",2,20,52,5,"2019-02-15","12:42:00",2,"5.4"
"394-55-6384",3,11,36,9,"2019-01-25","13:38:00",3,"6.7"
"396-90-2219",3,19,43,8,"2019-02-23","12:29:00",2,"8.6"
"397-25-8725",3,20,15,9,"2019-01-13","17:54:00",1,"6.8"
"399-46-5918",3,18,40,8,"2019-02-28","19:01:00",3,"8.2"
"399-69-4630",1,2,13,6,"2019-03-07","10:23:00",3,"8.6"
"400-45-1220",1,4,26,10,"2019-02-27","11:06:00",2,"4.8"
"400-60-7251",3,16,45,1,"2019-02-10","12:50:00",1,"9.9"
"400-80-4065",1,16,26,4,"2019-02-15","20:21:00",3,"9.2"
"400-89-4171",1,1,56,8,"2019-01-28","13:05:00",3,"9.3"
"401-09-4232",2,16,25,5,"2019-02-11","18:38:00",3,"9.4"
"401-18-8016",1,4,60,1,"2019-01-21","17:36:00",2,"8.9"
"404-91-5964",1,8,46,7,"2019-02-04","16:09:00",1,"9.0"
"405-31-3305",2,15,21,10,"2019-02-02","18:31:00",1,"5.5"
"406-46-7107",1,14,16,6,"2019-01-11","11:52:00",1,"4.5"
"407-63-8975",1,18,22,6,"2019-03-23","19:16:00",1,"4.4"
"408-26-9866",1,6,24,7,"2019-03-02","16:42:00",3,"4.1"
"408-66-6712",1,6,47,6,"2019-02-16","14:19:00",3,"4.4"
"409-33-9708",1,6,19,2,"2019-02-19","10:12:00",1,"9.2"
"409-49-6995",2,19,59,6,"2019-02-05","10:17:00",3,"8.8"
"410-67-1709",2,20,34,8,"2019-01-20","17:48:00",1,"9.9"
"411-77-0180",1,13,42,7,"2019-03-26","20:14:00",1,"4.3"
"413-20-6708",3,5,57,1,"2019-03-18","15:52:00",3,"8.5"
"414-12-7047",1,6,46,8,"2019-01-18","12:04:00",2,"8.7"
"416-13-5917",2,20,1,5,"2019-01-30","16:24:00",3,"9.3"
"416-17-9926",2,17,16,10,"2019-01-01","14:42:00",1,"4.3"
"418-02-5978",2,2,53,9,"2019-02-11","10:54:00",2,"8.0"
"418-05-0656",1,7,28,7,"2019-02-02","20:42:00",2,"7.1"
"420-04-7590",3,5,21,3,"2019-03-18","11:29:00",2,"4.7"
"420-11-4919",2,18,9,5,"2019-02-17","19:57:00",3,"5.5"
"420-18-8989",1,15,42,8,"2019-02-02","15:47:00",1,"9.6"
"420-97-3340",3,5,8,3,"2019-03-28","15:30:00",1,"9.2"
"421-95-9805",3,9,37,1,"2019-02-07","10:18:00",1,"6.2"
"422-29-8786",1,17,25,5,"2019-01-03","16:47:00",1,"9.1"
"423-57-2993",1,14,2,6,"2019-03-27","19:18:00",2,"10.0"
"423-64-4619",3,20,34,9,"2019-03-07","13:12:00",1,"5.0"
"423-80-0988",2,3,50,2,"2019-01-30","19:42:00",3,"6.5"
"425-85-2085",1,4,36,5,"2019-03-29","16:48:00",2,"9.8"
"426-39-2418",3,15,56,7,"2019-01-14","10:02:00",3,"9.8"
"427-45-9297",1,7,9,7,"2019-03-12","11:01:00",2,"5.4"
"428-83-5800",3,8,22,3,"2019-02-09","10:25:00",3,"7.3"
"430-02-3888",2,3,53,6,"2019-02-07","15:55:00",2,"7.1"
"430-53-4718",3,18,57,8,"2019-01-28","15:46:00",2,"8.4"
"430-60-3493",3,16,22,7,"2019-02-03","14:38:00",1,"4.2"
"431-66-2305",1,10,59,9,"2019-02-15","20:51:00",2,"7.6"
"433-08-7822",3,3,24,7,"2019-01-05","19:48:00",3,"7.5"
"433-75-6987",2,15,8,7,"2019-03-05","19:06:00",2,"8.9"
"434-35-9162",2,19,2,4,"2019-02-04","18:53:00",2,"7.4"
"434-83-9547",1,20,57,8,"2019-01-23","11:51:00",3,"7.7"
"435-13-4908",3,9,35,8,"2019-01-24","18:04:00",1,"7.2"
"436-54-4512",3,2,51,1,"2019-03-20","19:44:00",1,"9.8"
"437-53-3084",1,14,20,2,"2019-02-26","11:48:00",2,"7.1"
"437-58-8131",1,12,2,2,"2019-01-15","13:41:00",2,"4.6"
"438-01-4015",1,7,47,4,"2019-03-21","15:25:00",2,"6.6"
"438-23-1242",1,16,14,7,"2019-01-24","10:38:00",2,"8.9"
"439-54-7422",3,5,52,4,"2019-03-18","17:15:00",1,"4.7"
"440-59-5691",1,15,8,7,"2019-02-08","13:12:00",3,"7.7"
"441-94-7118",1,1,7,1,"2019-02-04","12:14:00",1,"7.3"
"442-44-6497",3,8,5,3,"2019-01-08","11:42:00",3,"5.9"
"442-48-3607",3,19,4,2,"2019-03-14","11:21:00",1,"7.9"
"443-59-0061",2,20,23,10,"2019-02-03","11:25:00",1,"4.2"
"443-60-9639",2,15,9,1,"2019-01-24","13:24:00",3,"5.5"
"443-82-0585",1,12,1,4,"2019-02-01","19:54:00",1,"8.4"
"445-30-9252",1,11,48,3,"2019-01-17","17:59:00",1,"6.1"
"446-47-6729",1,5,28,2,"2019-01-02","18:09:00",3,"6.7"
"447-15-7839",1,16,11,10,"2019-02-09","11:00:00",1,"4.2"
"448-34-8700",1,6,45,7,"2019-02-10","13:51:00",2,"6.7"
"448-61-3783",2,1,3,8,"2019-03-21","16:08:00",1,"4.5"
"448-81-5016",1,2,39,2,"2019-03-11","12:01:00",1,"5.8"
"449-16-6770",3,4,47,5,"2019-02-19","14:53:00",1,"5.3"
"449-27-2918",1,6,2,1,"2019-03-26","11:02:00",2,"9.6"
"450-28-2866",1,1,46,5,"2019-01-15","19:25:00",3,"8.1"
"450-42-3339",3,3,57,10,"2019-02-09","18:58:00",3,"8.8"
"451-28-5717",3,14,33,6,"2019-03-20","11:23:00",3,"7.3"
"451-73-2711",2,9,25,1,"2019-01-14","15:20:00",3,"8.8"
"452-04-8808",1,2,21,7,"2019-01-26","15:17:00",2,"5.5"
"453-12-7053",1,12,35,3,"2019-03-10","17:38:00",3,"6.5"
"453-33-6436",3,6,26,8,"2019-02-07","10:09:00",1,"6.8"
"453-63-6187",3,7,51,3,"2019-03-01","15:40:00",2,"6.5"
"457-12-0244",1,16,15,6,"2019-03-14","13:49:00",3,"6.5"
"457-13-1708",2,16,58,10,"2019-01-08","19:07:00",2,"5.2"
"457-94-0464",2,13,48,9,"2019-01-31","20:32:00",2,"5.6"
"458-10-8612",2,2,28,7,"2019-01-20","12:27:00",3,"7.6"
"458-41-1477",3,10,41,6,"2019-03-08","17:11:00",3,"9.5"
"458-61-0011",1,9,46,4,"2019-02-20","18:43:00",2,"5.8"
"459-45-2396",1,7,55,3,"2019-02-25","18:45:00",1,"5.8"
"459-50-7686",2,18,22,6,"2019-01-13","19:14:00",1,"6.4"
"460-35-4390",1,16,28,3,"2019-01-22","11:00:00",1,"9.1"
"460-93-5834",2,10,49,7,"2019-01-13","10:03:00",1,"5.0"
"462-67-9126",2,4,14,6,"2019-01-21","17:44:00",1,"7.2"
"462-78-5240",1,6,37,2,"2019-03-19","14:35:00",3,"4.2"
"466-61-5506",2,15,3,6,"2019-02-26","10:52:00",2,"5.3"
"468-01-2051",2,5,42,7,"2019-03-06","13:46:00",2,"5.4"
"468-88-0009",3,12,55,4,"2019-03-24","10:29:00",1,"6.0"
"468-99-7231",1,19,2,8,"2019-03-03","17:36:00",3,"8.8"
"470-31-3286",2,7,37,3,"2019-03-01","11:30:00",2,"8.7"
"470-32-9057",2,17,56,5,"2019-03-28","15:31:00",1,"9.1"
"471-06-8611",2,2,43,1,"2019-02-06","10:22:00",3,"6.3"
"471-41-2823",2,3,43,2,"2019-03-07","20:37:00",3,"8.0"
"472-15-9636",1,16,33,8,"2019-03-22","19:36:00",1,"9.2"
"474-33-8305",2,10,16,7,"2019-03-23","13:23:00",3,"6.9"
"477-24-6490",3,15,32,6,"2019-02-26","16:52:00",2,"7.9"
"477-59-2456",3,10,15,7,"2019-01-23","11:15:00",3,"9.2"
"478-06-7835",2,3,41,1,"2019-01-11","11:20:00",1,"4.9"
"479-26-8945",1,13,4,2,"2019-02-05","11:32:00",2,"4.6"
"480-63-2856",1,3,8,8,"2019-01-23","18:37:00",3,"6.6"
"482-17-1179",3,11,1,3,"2019-01-19","12:47:00",1,"8.1"
"483-71-1164",1,13,5,6,"2019-03-08","16:43:00",3,"5.3"
"484-22-8230",3,17,57,7,"2019-01-08","20:08:00",3,"4.5"
"485-30-8700",2,5,19,5,"2019-03-18","16:10:00",1,"4.2"
"487-79-6868",1,19,34,9,"2019-03-26","19:28:00",2,"8.0"
"488-25-4221",2,15,51,1,"2019-02-22","10:36:00",3,"8.4"
"489-64-4354",3,10,58,1,"2019-03-09","15:36:00",3,"5.0"
"489-82-1237",2,11,34,7,"2019-01-05","11:51:00",1,"7.3"
"490-29-1201",2,9,44,1,"2019-01-06","11:09:00",1,"6.5"
"490-95-0021",1,12,44,10,"2019-01-08","14:25:00",2,"6.0"
"491-38-3499",1,17,40,1,"2019-02-26","17:46:00",1,"4.9"
"493-65-6248",2,5,1,10,"2019-01-01","19:48:00",3,"7.0"
"497-36-0989",2,14,44,3,"2019-02-15","15:21:00",1,"7.9"
"497-37-6538",1,1,5,7,"2019-01-17","15:15:00",1,"9.7"
"498-41-1961",2,5,50,5,"2019-02-20","18:01:00",2,"7.6"
"499-27-7781",1,19,32,8,"2019-03-14","16:45:00",2,"5.0"
"500-02-2261",1,2,22,6,"2019-03-21","17:04:00",3,"5.9"
"501-61-1753",1,9,42,6,"2019-01-03","20:24:00",2,"9.8"
"502-05-1910",1,19,52,3,"2019-02-25","20:35:00",1,"6.3"
"503-07-0930",2,12,55,7,"2019-02-23","19:49:00",3,"8.2"
"503-21-4385",3,7,38,3,"2019-02-21","12:40:00",2,"9.3"
"504-35-8843",1,11,31,1,"2019-01-02","16:57:00",1,"5.7"
"468-01-2051",2,5,42,7,"2019-03-06","13:46:00",2,"5.4"
"468-88-0009",3,12,55,4,"2019-03-24","10:29:00",1,"6.0"
"468-99-7231",1,19,2,8,"2019-03-03","17:36:00",3,"8.8"
"470-31-3286",2,7,37,3,"2019-03-01","11:30:00",2,"8.7"
"470-32-9057",2,17,56,5,"2019-03-28","15:31:00",1,"9.1"
"471-06-8611",2,2,43,1,"2019-02-06","10:22:00",3,"6.3"
"505-02-0892",1,4,3,8,"2019-02-25","14:12:00",2,"5.6"
"509-10-0516",3,9,6,4,"2019-02-09","12:02:00",2,"5.1"
"509-29-3912",2,4,16,9,"2019-03-20","12:24:00",1,"4.2"
"510-09-5628",1,7,60,10,"2019-03-15","18:20:00",1,"7.2"
"510-79-0415",1,17,54,6,"2019-01-24","19:20:00",2,"4.9"
"510-95-6347",1,15,9,3,"2019-03-05","18:17:00",2,"4.0"
"511-54-3087",1,15,32,1,"2019-02-25","16:36:00",2,"9.5"
"512-91-0811",1,16,21,1,"2019-02-06","20:05:00",3,"6.6"
"512-98-1403",2,16,2,3,"2019-03-21","10:40:00",1,"4.7"
"514-37-2845",1,12,20,2,"2019-03-20","13:02:00",2,"9.0"
"516-77-6464",2,13,18,5,"2019-02-24","13:08:00",3,"4.1"
"518-17-2983",3,18,37,4,"2019-02-04","15:44:00",1,"7.6"
"518-71-6847",3,5,45,6,"2019-02-26","15:10:00",2,"4.9"
"521-18-7827",3,10,42,5,"2019-01-22","20:46:00",3,"8.7"
"522-57-8364",1,5,58,8,"2019-01-31","10:00:00",1,"7.6"
"523-38-0215",3,15,60,1,"2019-03-06","13:29:00",3,"7.9"
"525-09-8450",1,12,5,10,"2019-01-31","15:12:00",2,"4.2"
"525-88-7307",3,13,46,1,"2019-01-31","13:19:00",2,"5.8"
"526-86-8552",3,10,10,10,"2019-01-07","17:36:00",3,"7.1"
"527-09-6272",2,4,8,5,"2019-03-21","10:17:00",1,"9.1"
"528-14-9470",2,12,5,1,"2019-02-14","14:42:00",1,"9.2"
"528-87-5606",2,7,40,1,"2019-02-12","19:43:00",2,"6.5"
"529-56-3974",1,5,39,4,"2019-03-09","17:03:00",2,"6.8"
"530-90-9855",1,18,15,8,"2019-01-01","14:47:00",1,"5.7"
"531-56-4728",1,14,5,3,"2019-02-11","15:29:00",1,"5.4"
"531-80-1784",1,16,23,7,"2019-03-28","17:38:00",1,"5.1"
"532-59-7201",3,15,12,6,"2019-01-31","14:04:00",2,"5.5"
"533-33-5337",3,16,15,10,"2019-02-07","20:24:00",2,"6.2"
"533-66-5566",3,3,48,7,"2019-01-12","11:42:00",2,"7.0"
"534-01-4457",1,15,49,6,"2019-01-27","14:36:00",1,"8.0"
"534-53-3526",3,15,26,4,"2019-02-11","16:06:00",1,"7.8"
"537-72-0426",3,7,20,10,"2019-03-20","16:28:00",3,"5.7"
"538-22-0304",2,9,23,10,"2019-03-24","18:27:00",3,"5.2"
"539-21-7227",2,7,33,5,"2019-01-26","17:45:00",2,"4.2"
"540-11-4336",2,20,40,9,"2019-01-11","16:49:00",1,"5.6"
"541-08-3113",1,8,50,8,"2019-02-02","20:29:00",3,"8.4"
"541-48-8554",1,9,7,9,"2019-01-07","12:08:00",1,"6.0"
"541-89-9860",1,12,29,3,"2019-02-15","12:31:00",3,"8.1"
"542-41-0513",3,19,51,4,"2019-03-15","11:57:00",2,"6.6"
"544-32-5024",1,15,17,4,"2019-03-28","19:16:00",3,"6.4"
"544-55-9589",2,7,1,10,"2019-01-28","11:51:00",2,"6.2"
"545-07-8534",3,10,43,2,"2019-02-14","12:42:00",3,"6.0"
"545-46-3100",2,10,1,3,"2019-03-12","13:52:00",2,"8.7"
"546-80-2899",2,15,16,2,"2019-02-20","15:29:00",1,"9.5"
"548-46-9322",1,20,33,10,"2019-02-20","15:24:00",2,"5.9"
"548-48-3156",3,17,41,2,"2019-03-19","13:37:00",1,"7.6"
"549-03-9315",3,7,13,8,"2019-02-12","12:58:00",2,"8.7"
"549-23-9016",2,19,12,2,"2019-02-13","18:15:00",3,"8.9"
"549-59-1358",1,4,37,3,"2019-03-02","17:36:00",1,"6.0"
"549-84-7482",3,6,57,9,"2019-02-08","11:15:00",2,"7.2"
"549-96-4200",2,9,8,4,"2019-03-08","20:15:00",3,"7.0"
"550-84-8664",3,8,60,5,"2019-03-22","14:33:00",1,"8.6"
"551-21-3069",2,1,14,9,"2019-02-01","11:27:00",3,"4.9"
"552-44-5977",1,17,45,8,"2019-01-03","19:08:00",2,"6.2"
"554-42-2417",2,4,53,10,"2019-01-09","13:45:00",3,"5.2"
"554-53-3790",1,10,45,6,"2019-03-22","18:33:00",2,"4.5"
"554-53-8700",1,3,9,2,"2019-02-02","10:11:00",3,"6.3"
"556-41-6224",2,15,45,8,"2019-02-15","17:10:00",3,"9.3"
"556-72-8512",2,5,45,1,"2019-01-30","20:47:00",3,"4.3"
"556-86-3144",3,1,33,1,"2019-01-13","19:30:00",3,"5.0"
"556-97-7101",3,10,40,2,"2019-01-01","15:51:00",3,"8.5"
"558-60-5016",2,12,15,9,"2019-03-04","15:27:00",1,"7.2"
"558-80-4082",3,15,31,7,"2019-03-14","17:20:00",3,"6.0"
"559-61-5987",1,5,8,1,"2019-01-14","10:38:00",2,"8.6"
"559-98-9873",2,7,32,7,"2019-02-10","12:56:00",1,"5.2"
"560-30-5617",1,16,49,5,"2019-03-24","18:27:00",2,"8.5"
"560-49-6611",1,6,24,1,"2019-02-07","14:13:00",1,"9.8"
"562-12-5430",2,19,7,3,"2019-01-18","10:11:00",1,"7.9"
"563-36-9814",3,14,9,1,"2019-02-13","18:27:00",1,"7.2"
"563-47-4072",3,4,49,6,"2019-01-22","11:52:00",2,"9.9"
"563-91-7120",2,13,42,5,"2019-03-08","13:21:00",1,"6.7"
"565-17-3836",2,13,14,4,"2019-03-12","14:21:00",1,"9.1"
"565-67-6697",2,7,15,9,"2019-03-02","14:16:00",2,"4.8"
"565-80-5980",1,18,41,4,"2019-01-23","10:25:00",3,"7.1"
"565-91-4567",2,10,3,8,"2019-03-15","14:38:00",2,"6.2"
"566-19-5475",3,16,5,7,"2019-01-07","20:52:00",2,"6.2"
"566-71-1091",1,14,5,5,"2019-02-03","15:59:00",1,"5.5"
"568-88-3448",3,3,56,1,"2019-03-03","15:09:00",1,"5.5"
"568-90-5112",2,17,36,4,"2019-03-19","12:46:00",3,"5.6"
"569-71-4390",1,20,2,2,"2019-01-25","14:29:00",2,"6.9"
"569-76-2760",3,13,9,4,"2019-01-29","18:15:00",1,"6.6"
"571-94-0759",3,18,18,10,"2019-01-08","20:55:00",2,"9.5"
"573-10-3877",3,18,40,1,"2019-03-12","16:46:00",2,"4.7"
"573-58-9734",1,15,58,3,"2019-03-28","13:41:00",2,"5.1"
"573-98-8548",3,10,23,1,"2019-01-05","12:40:00",3,"9.1"
"574-22-5561",3,12,16,10,"2019-03-19","17:08:00",3,"7.9"
"574-31-8277",1,4,33,1,"2019-03-20","19:55:00",2,"5.6"
"574-57-9721",1,7,36,2,"2019-03-08","16:53:00",3,"5.7"
"574-80-1489",2,16,6,4,"2019-02-25","13:22:00",2,"8.7"
"575-30-8091",1,2,38,8,"2019-03-16","19:25:00",1,"9.2"
"575-67-1508",1,17,1,1,"2019-01-29","11:26:00",1,"6.7"
"576-31-4774",2,4,23,3,"2019-03-02","13:10:00",2,"4.0"
"577-34-7579",2,9,59,9,"2019-01-10","17:16:00",3,"5.4"
"578-80-7669",1,16,23,1,"2019-03-16","16:58:00",2,"5.6"
"582-52-8065",1,15,47,9,"2019-02-22","10:49:00",2,"8.9"
"583-41-4548",3,12,47,7,"2019-02-07","11:36:00",3,"7.4"
"583-72-1480",1,9,47,4,"2019-01-31","16:24:00",3,"9.7"
"584-66-4073",1,13,37,1,"2019-03-13","15:45:00",3,"9.6"
"584-86-7256",2,14,57,7,"2019-03-11","16:07:00",3,"7.3"
"585-03-5943",2,5,56,10,"2019-03-13","11:46:00",2,"5.9"
"585-11-6748",1,4,37,3,"2019-03-15","13:05:00",2,"5.3"
"585-86-8361",2,10,34,5,"2019-02-03","10:31:00",1,"8.6"
"585-90-0249",1,17,30,1,"2019-01-27","18:08:00",1,"9.7"
"586-25-0848",2,16,45,7,"2019-03-04","11:19:00",1,"6.7"
"587-03-7455",1,9,55,7,"2019-02-16","17:30:00",3,"4.9"
"587-73-4862",2,15,26,5,"2019-03-26","11:07:00",1,"7.6"
"549-59-1358",1,4,37,3,"2019-03-02","17:36:00",1,"6.0"
"549-84-7482",3,6,57,9,"2019-02-08","11:15:00",2,"7.2"
"549-96-4200",2,9,8,4,"2019-03-08","20:15:00",3,"7.0"
"550-84-8664",3,8,60,5,"2019-03-22","14:33:00",1,"8.6"
"588-01-7461",1,10,41,9,"2019-03-24","10:43:00",3,"4.2"
"588-47-8641",3,13,36,10,"2019-01-14","19:30:00",1,"4.4"
"589-02-8023",1,2,11,2,"2019-01-15","10:54:00",1,"7.0"
"590-83-4591",1,16,34,6,"2019-02-17","14:40:00",2,"8.8"
"592-34-6155",1,12,35,4,"2019-01-14","14:43:00",3,"6.2"
"592-46-1692",1,6,39,7,"2019-01-11","20:10:00",3,"7.4"
"593-08-5916",3,20,19,1,"2019-03-19","15:23:00",1,"7.4"
"593-14-4239",1,11,24,8,"2019-03-05","19:40:00",2,"4.7"
"593-65-1552",3,5,60,4,"2019-01-28","20:50:00",3,"5.9"
"593-95-4461",3,16,6,1,"2019-03-24","14:49:00",3,"6.9"
"594-34-4444",2,12,31,1,"2019-03-08","20:38:00",1,"7.2"
"595-11-5460",3,4,26,2,"2019-03-15","10:12:00",1,"5.1"
"595-27-4851",3,3,4,7,"2019-01-27","18:05:00",1,"9.3"
"595-86-2894",1,20,8,4,"2019-02-06","17:20:00",3,"9.4"
"595-94-9924",2,9,34,5,"2019-03-26","20:21:00",1,"4.2"
"596-42-3999",1,6,57,7,"2019-03-10","14:04:00",2,"6.6"
"597-78-7908",2,15,44,3,"2019-02-18","19:39:00",3,"6.2"
"598-06-7312",1,9,55,1,"2019-02-16","15:42:00",2,"6.8"
"598-47-9715",2,12,14,4,"2019-03-07","16:54:00",3,"4.4"
"600-38-9738",3,10,17,5,"2019-01-17","15:05:00",3,"4.3"
"602-16-6955",1,9,1,10,"2019-01-24","18:10:00",2,"6.0"
"602-80-9671",3,17,46,6,"2019-02-09","17:15:00",3,"5.1"
"603-07-0961",2,3,48,5,"2019-01-10","11:34:00",3,"4.9"
"604-70-6476",2,9,26,5,"2019-01-23","14:04:00",1,"6.8"
"605-03-2706",2,19,29,3,"2019-03-25","18:02:00",1,"9.5"
"605-72-4132",3,20,38,8,"2019-02-27","15:12:00",3,"9.1"
"605-83-1050",3,12,60,2,"2019-03-15","16:26:00",2,"4.3"
"606-80-4905",1,11,47,6,"2019-01-29","10:01:00",3,"6.8"
"607-65-2441",3,10,18,10,"2019-03-10","12:39:00",3,"6.0"
"607-76-6216",3,12,22,5,"2019-03-02","16:35:00",3,"8.6"
"608-04-3797",1,1,52,8,"2019-03-05","20:24:00",2,"8.7"
"608-05-3804",3,17,14,1,"2019-02-25","20:19:00",2,"6.1"
"608-27-6295",2,17,51,6,"2019-01-19","17:34:00",2,"9.8"
"608-96-3517",2,17,52,4,"2019-03-23","19:20:00",2,"4.8"
"609-81-8548",3,5,16,6,"2019-02-06","13:55:00",1,"5.9"
"610-46-4100",1,14,40,7,"2019-03-03","20:31:00",1,"6.0"
"612-36-5536",1,10,28,8,"2019-02-17","11:12:00",1,"7.4"
"613-59-9758",2,2,24,10,"2019-01-27","14:28:00",3,"5.4"
"616-24-2851",1,14,60,4,"2019-03-22","14:42:00",2,"6.5"
"616-87-0016",3,1,39,7,"2019-03-09","14:36:00",2,"9.6"
"617-15-4209",2,18,38,2,"2019-03-16","19:47:00",3,"7.2"
"618-34-8551",3,7,12,2,"2019-01-16","18:41:00",1,"8.5"
"620-02-2046",3,11,3,2,"2019-01-27","19:48:00",3,"9.0"
"622-20-1945",2,9,46,1,"2019-01-18","15:08:00",3,"8.4"
"624-01-8356",3,2,60,10,"2019-01-27","10:44:00",2,"4.2"
"626-43-7888",2,12,33,8,"2019-02-07","12:23:00",3,"9.6"
"627-95-3243",1,15,8,9,"2019-02-04","13:21:00",2,"9.8"
"628-34-3388",2,3,59,6,"2019-01-05","20:54:00",3,"7.9"
"628-90-8624",1,10,30,10,"2019-03-14","14:41:00",2,"5.0"
"629-42-4133",3,19,3,8,"2019-02-19","19:24:00",3,"8.3"
"630-74-5166",1,9,11,6,"2019-03-22","20:19:00",1,"7.4"
"631-34-1880",1,10,39,3,"2019-01-08","19:09:00",3,"4.3"
"631-41-3108",3,1,1,7,"2019-03-03","13:23:00",1,"7.4"
"632-32-4574",2,1,48,8,"2019-03-20","14:14:00",2,"5.5"
"632-90-0281",1,14,8,10,"2019-03-08","20:01:00",3,"9.3"
"633-09-3463",2,1,34,3,"2019-03-28","12:58:00",3,"9.5"
"633-44-8566",1,5,4,7,"2019-03-27","20:35:00",1,"7.3"
"633-91-1052",3,4,18,2,"2019-01-27","15:51:00",1,"5.1"
"634-97-8956",3,10,33,3,"2019-02-17","17:27:00",1,"9.1"
"635-28-5728",2,19,5,3,"2019-02-28","19:33:00",1,"4.8"
"635-40-6220",1,15,58,8,"2019-02-07","11:28:00",1,"6.6"
"636-17-0325",2,17,14,4,"2019-02-25","18:37:00",2,"9.5"
"636-48-8204",2,4,42,5,"2019-02-17","11:15:00",1,"9.9"
"636-98-3364",3,17,27,3,"2019-03-02","12:36:00",2,"6.3"
"638-60-7125",2,13,6,8,"2019-02-14","17:03:00",1,"5.2"
"639-76-1242",1,18,28,5,"2019-02-03","15:19:00",3,"4.5"
"640-48-5028",2,14,45,9,"2019-03-02","12:40:00",2,"6.3"
"640-49-2076",1,6,30,8,"2019-01-10","14:49:00",2,"5.1"
"641-43-2399",2,20,48,4,"2019-01-26","20:23:00",2,"5.7"
"641-51-2661",3,6,50,10,"2019-02-12","14:45:00",3,"9.9"
"641-62-7288",3,12,16,6,"2019-03-24","13:33:00",2,"7.1"
"641-96-3695",3,2,44,6,"2019-02-07","17:55:00",3,"8.5"
"642-30-6693",1,6,46,6,"2019-03-17","13:54:00",2,"7.8"
"642-32-2990",3,2,48,10,"2019-02-02","20:48:00",1,"6.0"
"642-61-4706",2,17,25,2,"2019-03-30","16:34:00",2,"5.5"
"643-38-7867",2,6,45,1,"2019-03-07","11:44:00",1,"6.9"
"645-44-1170",2,10,1,9,"2019-01-19","20:07:00",1,"4.3"
"645-78-8093",1,13,38,2,"2019-01-20","18:09:00",1,"4.1"
"647-50-1224",2,2,56,10,"2019-01-12","16:23:00",1,"8.9"
"648-83-1321",3,9,25,10,"2019-01-16","17:59:00",1,"4.3"
"648-94-3045",2,7,27,10,"2019-02-07","14:27:00",3,"8.1"
"649-11-3678",3,3,35,9,"2019-02-26","20:26:00",3,"5.5"
"649-29-6775",2,16,51,1,"2019-02-08","15:31:00",2,"6.7"
"650-98-6268",2,6,24,3,"2019-03-20","13:53:00",2,"8.0"
"651-61-0874",1,15,53,4,"2019-03-12","20:04:00",3,"6.2"
"651-88-7328",1,6,46,9,"2019-01-01","13:55:00",1,"7.7"
"651-96-5970",3,15,32,1,"2019-03-03","20:06:00",1,"4.0"
"652-43-6591",2,17,5,8,"2019-03-09","13:18:00",1,"6.2"
"652-49-6720",2,6,54,1,"2019-02-18","11:40:00",3,"5.9"
"655-07-2265",2,16,40,3,"2019-03-05","16:38:00",1,"5.4"
"655-85-5130",1,14,59,4,"2019-03-13","19:22:00",2,"5.7"
"656-16-1063",1,5,2,3,"2019-01-04","13:24:00",2,"4.4"
"656-95-9349",2,3,5,7,"2019-03-11","11:03:00",1,"4.6"
"658-66-3967",1,10,6,7,"2019-01-14","15:42:00",3,"5.0"
"659-36-1684",3,1,11,7,"2019-01-12","12:02:00",3,"6.5"
"659-65-8956",1,3,46,1,"2019-01-16","15:26:00",2,"5.2"
"660-29-7083",1,2,16,10,"2019-01-15","15:01:00",3,"5.8"
"662-47-5456",2,1,58,10,"2019-03-17","19:06:00",3,"8.4"
"662-72-2873",2,12,7,5,"2019-01-06","13:58:00",1,"9.9"
"663-86-9076",2,1,23,8,"2019-01-08","15:57:00",3,"8.5"
"664-14-2882",1,8,46,5,"2019-01-30","14:43:00",3,"5.8"
"665-32-9167",1,15,17,2,"2019-01-10","17:15:00",1,"7.2"
"665-63-9737",2,14,53,3,"2019-02-27","17:36:00",2,"7.5"
"667-23-5919",3,6,3,5,"2019-01-14","12:52:00",1,"7.0"
"667-92-0055",1,14,25,6,"2019-03-04","15:02:00",1,"8.5"
"668-90-8900",1,11,35,7,"2019-03-10","18:44:00",1,"4.5"
"669-54-1719",1,5,38,6,"2019-02-10","12:45:00",2,"8.1"
"670-71-7306",3,19,56,6,"2019-01-02","20:08:00",2,"5.1"
"670-79-6321",3,9,5,7,"2019-01-17","15:27:00",2,"4.9"
"672-51-8681",1,9,32,9,"2019-01-04","18:19:00",3,"9.7"
"674-15-9296",2,10,55,5,"2019-01-08","13:05:00",1,"5.0"
"674-56-6360",2,6,29,1,"2019-03-22","14:00:00",1,"6.0"
"676-10-2200",1,17,40,1,"2019-02-03","20:13:00",2,"4.7"
"676-39-6028",3,4,56,5,"2019-03-30","17:04:00",1,"6.6"
"677-11-0152",2,2,12,9,"2019-01-16","18:08:00",3,"8.8"
"678-79-0726",2,7,11,9,"2019-01-18","15:28:00",3,"5.1"
"679-22-6530",1,1,37,2,"2019-01-17","10:01:00",2,"4.1"
"685-64-1609",3,8,8,10,"2019-02-10","12:28:00",1,"9.2"
"686-41-0932",3,3,1,2,"2019-03-13","19:48:00",2,"8.2"
"687-15-1097",3,3,30,2,"2019-01-03","19:17:00",3,"9.7"
"687-47-8271",3,18,43,10,"2019-02-08","16:20:00",1,"8.7"
"689-05-1884",3,9,44,10,"2019-03-04","12:44:00",1,"8.8"
"689-16-9784",1,20,44,6,"2019-03-11","13:37:00",3,"6.0"
"690-01-6631",1,16,14,10,"2019-02-22","18:35:00",2,"6.6"
"692-27-8933",2,12,44,6,"2019-02-24","13:02:00",2,"5.2"
"692-92-5582",1,6,36,3,"2019-02-20","13:27:00",2,"5.9"
"695-09-5146",2,18,29,3,"2019-02-23","20:00:00",2,"6.4"
"695-28-6250",3,3,52,5,"2019-02-04","16:38:00",1,"7.7"
"695-51-0018",3,20,7,4,"2019-02-10","18:36:00",2,"7.4"
"696-90-2548",2,4,2,3,"2019-03-10","18:55:00",1,"6.6"
"698-98-5964",3,8,38,10,"2019-01-17","13:01:00",1,"6.3"
"699-01-4164",1,10,13,4,"2019-03-12","19:58:00",3,"8.2"
"699-14-3026",1,13,22,7,"2019-03-25","18:30:00",3,"4.1"
"699-88-1972",1,17,29,8,"2019-01-28","17:47:00",2,"4.2"
"700-81-1757",2,1,52,5,"2019-01-18","20:59:00",1,"8.8"
"701-23-5550",1,3,25,4,"2019-03-19","13:40:00",2,"4.9"
"701-69-8742",1,17,55,10,"2019-03-16","10:11:00",2,"6.7"
"702-72-0487",3,4,33,2,"2019-02-26","12:28:00",1,"6.6"
"702-83-5291",3,14,21,9,"2019-03-27","10:43:00",3,"6.6"
"704-10-4056",3,17,27,3,"2019-01-14","10:55:00",3,"5.6"
"704-11-6354",2,2,49,8,"2019-01-06","11:23:00",1,"8.9"
"704-20-4138",3,15,47,7,"2019-03-11","18:58:00",3,"8.1"
"704-48-3927",1,12,38,10,"2019-01-12","14:50:00",1,"7.3"
"706-36-6154",2,16,40,9,"2019-01-18","18:43:00",1,"8.7"
"707-32-7409",1,15,54,4,"2019-02-26","11:58:00",2,"4.5"
"665-63-9737",2,14,53,3,"2019-02-27","17:36:00",2,"7.5"
"667-23-5919",3,6,3,5,"2019-01-14","12:52:00",1,"7.0"
"667-92-0055",1,14,25,6,"2019-03-04","15:02:00",1,"8.5"
"668-90-8900",1,11,35,7,"2019-03-10","18:44:00",1,"4.5"
"669-54-1719",1,5,38,6,"2019-02-10","12:45:00",2,"8.1"
"670-71-7306",3,19,56,6,"2019-01-02","20:08:00",2,"5.1"
"709-58-4068",3,6,56,10,"2019-02-28","14:42:00",2,"7.3"
"710-46-4433",1,2,21,9,"2019-02-15","14:15:00",2,"4.5"
"711-31-1234",3,4,44,4,"2019-03-16","18:51:00",2,"7.9"
"712-39-0363",3,14,5,6,"2019-01-02","15:24:00",1,"5.6"
"714-02-3114",3,9,7,2,"2019-02-21","11:39:00",3,"7.7"
"715-20-1673",3,19,37,5,"2019-03-06","20:57:00",2,"9.4"
"716-39-1409",1,16,31,7,"2019-03-19","18:19:00",2,"8.0"
"717-96-4189",1,9,34,6,"2019-02-02","12:40:00",3,"4.1"
"718-57-9773",3,17,60,10,"2019-02-03","16:40:00",3,"9.4"
"719-76-3868",2,10,23,4,"2019-03-12","16:30:00",3,"8.6"
"719-89-8991",3,4,42,5,"2019-02-25","16:03:00",1,"7.1"
"720-72-2436",1,6,42,4,"2019-03-02","18:14:00",1,"6.9"
"721-86-6247",2,19,37,8,"2019-03-11","12:55:00",1,"7.4"
"722-13-2115",1,19,5,1,"2019-03-14","15:36:00",3,"9.3"
"725-32-9708",1,4,53,4,"2019-01-04","19:01:00",2,"4.1"
"725-54-0677",2,18,43,7,"2019-03-02","13:50:00",3,"5.3"
"725-56-0833",3,7,37,10,"2019-02-20","16:49:00",1,"10.0"
"725-67-2480",3,7,50,6,"2019-03-24","18:14:00",2,"5.9"
"725-96-3778",3,15,15,8,"2019-01-20","10:13:00",3,"4.7"
"726-27-2396",3,3,44,5,"2019-01-24","20:36:00",1,"4.3"
"726-29-6793",2,13,17,8,"2019-01-28","20:54:00",1,"9.8"
"727-02-1313",1,3,1,1,"2019-02-09","13:22:00",1,"7.7"
"727-17-0390",1,14,48,5,"2019-03-16","12:43:00",1,"4.8"
"727-46-3608",1,13,29,9,"2019-02-06","15:47:00",2,"4.1"
"727-75-6477",3,16,6,4,"2019-03-29","14:44:00",3,"6.4"
"728-47-9078",3,6,2,4,"2019-01-19","12:46:00",3,"9.8"
"728-88-7867",2,11,20,4,"2019-03-19","15:52:00",3,"8.3"
"729-06-2010",2,5,47,9,"2019-01-06","11:18:00",2,"9.2"
"729-09-9681",1,6,46,6,"2019-02-05","10:16:00",1,"8.7"
"729-46-7422",2,18,48,1,"2019-02-23","16:52:00",3,"7.9"
"730-50-9884",3,3,52,7,"2019-03-05","14:31:00",3,"4.0"
"730-61-8757",3,12,31,4,"2019-01-25","10:11:00",2,"4.0"
"730-70-9830",1,15,22,6,"2019-03-14","17:54:00",3,"5.2"
"731-14-2199",2,18,1,10,"2019-01-04","13:34:00",1,"7.0"
"731-59-7531",2,19,21,8,"2019-03-30","17:58:00",2,"4.6"
"731-81-9469",3,9,26,10,"2019-01-23","13:00:00",3,"5.4"
"732-04-5373",2,9,45,4,"2019-02-08","10:53:00",2,"7.0"
"732-67-5346",2,15,40,5,"2019-01-11","19:07:00",1,"7.8"
"732-94-0499",1,17,16,10,"2019-01-13","17:04:00",3,"5.4"
"733-01-9107",1,18,43,6,"2019-03-05","18:14:00",2,"7.4"
"733-29-1227",1,13,31,7,"2019-03-23","12:41:00",3,"8.5"
"733-33-4967",1,20,6,8,"2019-03-03","19:17:00",3,"6.3"
"734-91-1155",2,11,46,3,"2019-03-26","10:34:00",2,"7.7"
"735-06-4124",1,18,53,1,"2019-02-25","15:31:00",3,"4.4"
"735-32-9839",2,7,5,8,"2019-01-31","10:36:00",3,"8.5"
"737-88-5876",1,19,41,4,"2019-03-19","11:52:00",1,"5.9"
"740-11-5257",3,11,59,10,"2019-02-24","16:44:00",3,"7.1"
"740-22-2500",2,7,11,3,"2019-01-23","13:29:00",3,"9.8"
"741-73-3559",1,20,16,5,"2019-02-27","17:27:00",2,"6.9"
"742-04-5161",2,17,10,10,"2019-02-03","17:24:00",1,"7.3"
"743-04-1105",2,2,44,9,"2019-03-30","14:43:00",2,"6.0"
"743-88-1662",1,1,38,7,"2019-02-22","18:17:00",3,"8.7"
"744-02-5987",2,10,13,6,"2019-01-10","14:16:00",1,"5.8"
"744-09-5786",2,14,45,6,"2019-01-02","18:50:00",2,"7.6"
"744-16-7898",3,15,35,10,"2019-01-15","13:48:00",2,"4.9"
"744-82-9138",3,3,33,2,"2019-02-07","17:59:00",3,"8.2"
"745-71-3520",2,1,24,7,"2019-02-04","10:23:00",1,"8.2"
"745-74-0715",1,7,5,2,"2019-03-10","20:46:00",1,"8.8"
"746-04-1077",3,15,51,10,"2019-01-01","11:36:00",2,"9.0"
"746-19-0921",1,7,31,1,"2019-02-09","10:02:00",3,"7.2"
"746-54-5508",3,4,54,6,"2019-01-17","12:48:00",1,"9.4"
"746-68-6593",3,2,32,2,"2019-01-11","14:29:00",3,"9.7"
"746-94-0204",1,11,41,9,"2019-01-29","11:56:00",1,"7.4"
"747-58-7183",3,10,7,3,"2019-02-09","20:31:00",2,"6.5"
"748-45-2862",3,5,1,4,"2019-03-07","18:35:00",1,"8.2"
"749-24-1565",3,3,28,9,"2019-01-03","12:02:00",1,"7.9"
"749-81-8133",2,10,13,4,"2019-03-11","12:04:00",1,"6.8"
"750-57-9686",2,16,24,4,"2019-01-08","13:48:00",3,"8.7"
"750-67-8428",3,5,1,7,"2019-01-05","13:08:00",1,"9.1"
"751-15-6198",1,11,32,6,"2019-01-12","16:45:00",2,"7.9"
"751-41-9720",1,3,15,10,"2019-01-12","16:18:00",3,"8.0"
"751-69-0068",1,10,59,9,"2019-03-19","19:09:00",3,"9.0"
"752-23-3760",1,5,11,7,"2019-02-19","19:29:00",2,"7.3"
"755-12-3214",2,16,24,5,"2019-03-05","17:07:00",3,"8.6"
"756-01-7507",2,6,33,5,"2019-01-22","18:56:00",3,"6.0"
"756-49-0168",3,10,50,1,"2019-02-08","11:39:00",1,"9.5"
"756-93-1854",2,16,26,2,"2019-02-02","14:05:00",3,"9.5"
"759-29-9521",1,19,51,9,"2019-03-04","11:27:00",1,"8.0"
"759-98-4285",3,8,22,7,"2019-02-27","19:01:00",3,"8.0"
"760-27-5490",3,5,7,8,"2019-01-20","20:37:00",3,"9.1"
"760-53-9233",3,9,40,3,"2019-03-26","18:37:00",1,"8.5"
"760-54-1821",3,20,19,9,"2019-03-15","10:26:00",2,"5.8"
"760-90-2357",1,9,33,6,"2019-03-20","15:08:00",1,"5.0"
"761-49-0439",1,10,45,8,"2019-01-19","10:17:00",2,"8.6"
"764-44-8999",2,9,37,2,"2019-02-18","14:42:00",2,"4.3"
"765-26-6951",3,7,32,6,"2019-01-01","10:39:00",1,"6.9"
"766-85-7061",2,3,2,10,"2019-03-29","10:25:00",2,"5.1"
"767-05-1286",3,5,57,6,"2019-01-23","12:10:00",3,"5.4"
"767-54-1907",1,1,59,5,"2019-02-13","16:59:00",2,"6.9"
"767-97-4650",1,11,60,2,"2019-01-08","11:59:00",2,"8.0"
"770-42-8960",2,3,29,8,"2019-01-01","19:31:00",2,"6.3"
"775-72-1988",3,17,11,5,"2019-01-24","15:05:00",2,"8.4"
"776-68-1096",3,6,23,3,"2019-03-18","13:45:00",2,"7.9"
"777-67-2495",2,2,51,3,"2019-02-22","11:26:00",2,"8.7"
"777-82-7220",3,12,47,8,"2019-03-03","13:01:00",2,"7.7"
"778-34-2523",2,17,47,8,"2019-01-24","10:57:00",1,"5.0"
"778-71-5554",2,15,39,1,"2019-01-25","15:46:00",3,"6.1"
"778-89-7974",2,7,1,6,"2019-03-30","14:58:00",3,"7.4"
"779-06-0012",2,6,47,1,"2019-01-19","10:21:00",3,"7.7"
"779-42-2410",2,6,14,3,"2019-02-20","13:06:00",2,"7.7"
"781-84-8059",3,9,38,7,"2019-01-18","16:23:00",3,"5.0"
"782-95-9291",2,14,47,5,"2019-02-20","15:55:00",1,"9.0"
"783-09-1637",3,10,53,5,"2019-03-06","18:13:00",2,"6.3"
"784-08-0310",2,19,29,4,"2019-01-13","13:58:00",3,"7.6"
"784-21-9238",2,18,14,1,"2019-02-07","14:15:00",3,"5.9"
"785-13-7708",3,16,16,7,"2019-01-14","19:06:00",2,"4.2"
"785-96-0615",2,9,43,8,"2019-02-17","15:28:00",2,"4.9"
"786-94-2700",3,11,28,6,"2019-02-28","20:18:00",1,"9.1"
"787-15-1757",3,2,44,4,"2019-02-18","16:28:00",3,"8.4"
"787-56-0757",2,18,3,4,"2019-02-23","18:45:00",3,"8.3"
"787-87-2010",1,17,46,4,"2019-01-20","15:48:00",1,"6.6"
"788-07-8452",1,13,27,7,"2019-01-27","17:38:00",3,"9.4"
"788-21-5741",1,20,19,3,"2019-02-17","13:34:00",1,"7.2"
"789-23-8625",2,10,22,3,"2019-01-24","11:45:00",2,"7.2"
"790-29-1172",3,3,42,3,"2019-03-10","18:59:00",2,"7.9"
"790-38-4466",2,2,48,5,"2019-01-23","10:18:00",3,"9.3"
"793-10-3222",3,10,39,6,"2019-03-05","13:30:00",2,"8.3"
"794-32-2436",1,8,50,2,"2019-03-27","15:08:00",2,"6.0"
"794-42-3736",2,20,26,2,"2019-01-26","14:41:00",2,"6.4"
"795-49-7276",2,18,52,4,"2019-03-23","18:59:00",1,"8.3"
"796-12-2025",1,8,43,10,"2019-02-11","16:19:00",3,"5.9"
"796-32-9050",2,9,23,6,"2019-01-19","16:31:00",1,"6.5"
"797-88-0493",3,13,21,4,"2019-03-26","13:54:00",1,"7.7"
"799-71-1548",2,10,39,4,"2019-01-07","16:11:00",1,"8.8"
"800-09-8606",3,14,59,5,"2019-01-29","19:45:00",1,"6.6"
"801-88-0346",3,4,29,3,"2019-01-05","20:30:00",3,"9.8"
"802-43-8934",3,2,13,1,"2019-03-22","15:05:00",1,"8.3"
"802-70-5316",1,1,36,6,"2019-03-06","20:34:00",1,"8.3"
"803-17-8013",1,16,1,8,"2019-02-17","17:09:00",1,"4.1"
"803-83-5989",1,9,3,6,"2019-02-24","10:55:00",3,"7.0"
"804-38-3935",1,18,30,3,"2019-01-30","11:32:00",1,"5.9"
"805-86-0265",3,20,32,9,"2019-03-20","11:32:00",1,"9.8"
"807-14-7833",1,11,30,10,"2019-02-22","12:30:00",1,"7.0"
"807-34-3742",2,1,22,1,"2019-03-26","19:44:00",1,"5.8"
"808-65-0703",3,5,49,4,"2019-03-14","17:22:00",3,"6.9"
"809-46-1866",1,8,44,4,"2019-01-23","17:44:00",1,"8.4"
"809-69-9497",1,8,52,10,"2019-01-19","19:30:00",1,"5.7"
"810-60-6344",3,2,11,8,"2019-02-07","14:38:00",3,"6.5"
"811-03-8790",1,2,19,10,"2019-03-01","10:22:00",1,"4.8"
"811-35-1094",2,4,33,6,"2019-02-06","15:16:00",2,"8.9"
"815-04-6282",2,12,46,5,"2019-02-08","12:52:00",3,"6.5"
"815-11-1168",3,15,7,5,"2019-03-09","19:09:00",1,"5.4"
"816-57-2053",1,5,1,2,"2019-03-09","12:37:00",1,"8.7"
"816-72-8853",1,20,37,5,"2019-01-29","15:48:00",1,"5.9"
"817-48-8732",1,4,44,10,"2019-01-20","15:55:00",1,"5.4"
"817-69-8206",3,15,18,9,"2019-03-02","19:42:00",2,"6.5"
"821-07-3596",1,14,2,4,"2019-03-07","14:53:00",3,"5.6"
"821-14-9046",3,9,37,6,"2019-01-18","15:04:00",2,"6.1"
"824-88-3614",3,5,27,8,"2019-01-25","15:00:00",3,"5.7"
"825-94-5922",1,7,50,2,"2019-03-02","19:26:00",2,"7.2"
"826-58-8051",1,5,29,4,"2019-01-06","19:46:00",2,"4.3"
"827-26-2100",2,15,49,9,"2019-03-21","16:21:00",1,"8.8"
"827-44-5872",3,11,36,10,"2019-02-07","11:28:00",2,"6.1"
"827-77-7633",3,14,34,9,"2019-02-17","19:41:00",1,"9.3"
"828-46-6863",1,10,20,6,"2019-01-23","11:22:00",1,"4.0"
"828-61-5674",2,9,55,10,"2019-03-20","19:57:00",1,"9.6"
"829-34-3910",3,18,16,10,"2019-03-29","19:21:00",1,"5.7"
"829-49-1914",1,15,42,10,"2019-03-05","16:24:00",3,"6.6"
"830-58-2383",1,15,8,4,"2019-02-08","15:26:00",2,"8.6"
"831-07-6050",1,11,28,5,"2019-03-19","11:30:00",1,"9.9"
"831-64-0259",3,19,22,5,"2019-02-22","10:43:00",2,"9.6"
"891-58-8335",2,15,43,7,"2019-03-11","15:53:00",2,"6.5"
"892-05-6689",2,2,24,5,"2019-03-11","13:28:00",1,"6.2"
"894-41-5205",3,17,15,8,"2019-01-19","19:39:00",3,"8.3"
"895-03-6665",1,17,55,9,"2019-02-16","10:52:00",2,"4.2"
"831-81-6575",3,19,24,9,"2019-02-23","11:12:00",2,"8.0"
"832-51-6761",1,15,19,8,"2019-01-19","20:29:00",1,"9.6"
"834-25-9262",3,10,31,4,"2019-01-06","12:12:00",3,"9.1"
"834-45-5519",2,19,33,4,"2019-01-31","20:48:00",2,"7.6"
"834-61-8124",1,8,26,7,"2019-01-26","18:22:00",1,"5.5"
"834-83-1826",2,11,49,5,"2019-02-25","17:16:00",2,"7.6"
"835-16-0096",3,7,34,5,"2019-03-24","13:48:00",3,"8.5"
"836-82-5858",2,8,1,9,"2019-01-26","19:14:00",2,"4.0"
"837-55-7229",2,17,11,1,"2019-02-22","18:19:00",2,"6.8"
"838-02-1821",3,17,24,2,"2019-02-22","12:10:00",3,"5.2"
"838-78-4295",2,7,58,2,"2019-02-10","15:43:00",3,"6.7"
"840-19-2096",3,9,27,5,"2019-03-14","18:10:00",3,"4.4"
"840-76-5966",3,9,5,2,"2019-01-08","18:06:00",1,"7.8"
"841-18-8232",3,6,43,1,"2019-01-05","20:40:00",2,"9.2"
"841-35-6630",1,7,3,6,"2019-03-09","18:21:00",3,"8.7"
"842-29-4695",3,10,11,7,"2019-01-16","12:07:00",3,"7.9"
"842-40-8179",1,19,17,10,"2019-02-11","10:38:00",2,"5.6"
"843-01-4703",2,20,28,9,"2019-01-05","19:50:00",2,"9.6"
"843-73-4724",3,3,42,1,"2019-01-25","11:05:00",1,"9.2"
"845-51-0542",3,4,43,9,"2019-02-02","15:34:00",2,"6.4"
"845-94-6841",1,19,52,9,"2019-01-08","19:38:00",3,"4.0"
"846-10-0341",2,7,36,7,"2019-01-06","11:51:00",1,"6.8"
"847-38-7188",2,7,46,3,"2019-01-26","19:56:00",2,"6.4"
"848-07-1692",3,9,36,2,"2019-01-12","17:13:00",2,"8.3"
"848-24-9445",2,10,1,2,"2019-03-26","18:03:00",3,"4.9"
"788-21-5741",1,20,19,3,"2019-02-17","13:34:00",1,"7.2"
"789-23-8625",2,10,22,3,"2019-01-24","11:45:00",2,"7.2"
"790-29-1172",3,3,42,3,"2019-03-10","18:59:00",2,"7.9"
"790-38-4466",2,2,48,5,"2019-01-23","10:18:00",3,"9.3"
"793-10-3222",3,10,39,6,"2019-03-05","13:30:00",2,"8.3"
"848-42-2560",2,3,11,2,"2019-03-05","17:43:00",1,"7.8"
"848-62-7243",3,19,54,9,"2019-03-15","15:36:00",1,"7.4"
"848-95-6252",1,3,9,1,"2019-02-20","13:24:00",3,"7.0"
"849-09-3807",1,19,60,7,"2019-02-18","13:28:00",1,"6.6"
"850-41-9669",2,13,33,9,"2019-03-19","13:25:00",1,"6.2"
"851-28-6367",2,14,53,10,"2019-03-23","10:55:00",1,"8.0"
"851-98-3555",2,19,20,5,"2019-03-24","14:08:00",2,"6.6"
"852-62-7105",3,2,59,10,"2019-01-12","11:25:00",2,"4.4"
"852-82-2749",2,14,48,4,"2019-01-06","13:35:00",1,"9.3"
"853-23-2453",3,1,26,4,"2019-02-14","14:35:00",2,"7.6"
"856-22-8149",1,19,39,1,"2019-03-23","10:13:00",1,"6.1"
"856-66-2701",3,7,50,3,"2019-01-25","14:19:00",1,"7.5"
"857-16-3520",1,7,44,7,"2019-03-28","16:06:00",1,"4.5"
"857-67-9057",1,18,34,10,"2019-02-06","19:20:00",2,"8.2"
"859-71-0933",3,11,9,2,"2019-01-16","15:10:00",3,"6.3"
"859-97-6048",1,20,27,2,"2019-03-26","14:13:00",3,"5.3"
"860-73-6466",3,19,26,2,"2019-03-02","16:16:00",1,"5.0"
"860-79-0874",1,2,5,10,"2019-02-15","14:53:00",3,"6.6"
"861-77-0145",1,6,28,10,"2019-03-03","14:30:00",3,"9.2"
"862-17-9201",1,14,5,6,"2019-01-29","10:48:00",2,"7.7"
"862-29-5914",1,2,50,1,"2019-01-30","17:08:00",3,"8.6"
"862-59-8517",1,8,53,6,"2019-01-27","11:17:00",3,"6.2"
"864-24-7918",3,6,1,10,"2019-02-22","15:15:00",1,"8.1"
"865-41-9075",3,14,41,7,"2019-01-28","17:35:00",1,"8.1"
"865-92-6136",1,18,55,3,"2019-03-23","10:16:00",1,"9.3"
"866-05-7563",2,20,48,3,"2019-02-09","19:43:00",2,"4.8"
"866-70-2814",3,18,40,10,"2019-02-25","11:58:00",2,"10.0"
"866-99-7614",1,12,34,10,"2019-02-11","15:42:00",3,"4.4"
"867-47-1948",3,1,27,10,"2019-01-09","12:07:00",3,"7.8"
"868-06-0466",3,17,9,9,"2019-02-19","19:38:00",1,"7.8"
"868-52-7573",3,15,27,5,"2019-01-14","12:09:00",2,"9.9"
"868-81-1752",3,3,2,9,"2019-02-07","18:48:00",2,"6.8"
"869-11-3082",3,18,47,4,"2019-01-27","20:03:00",2,"8.4"
"870-54-3162",2,11,35,5,"2019-01-27","13:26:00",1,"9.0"
"870-72-4431",3,15,46,6,"2019-01-21","14:42:00",3,"5.5"
"870-76-1733",2,15,8,5,"2019-02-01","10:08:00",1,"4.4"
"871-39-9221",2,18,37,6,"2019-02-09","13:11:00",3,"4.1"
"871-79-8483",3,6,51,5,"2019-02-25","19:39:00",2,"4.8"
"873-14-6353",3,5,11,7,"2019-02-16","10:33:00",1,"7.1"
"873-51-0671",1,14,45,7,"2019-01-10","16:42:00",1,"5.1"
"873-95-4984",2,3,57,7,"2019-02-15","20:21:00",2,"7.7"
"875-31-8302",1,20,38,1,"2019-01-03","13:07:00",2,"9.6"
"875-46-5808",1,13,24,10,"2019-02-06","14:51:00",2,"8.7"
"877-22-3308",1,6,54,10,"2019-03-13","16:40:00",1,"5.8"
"878-30-2331",1,5,1,10,"2019-03-02","11:22:00",3,"7.1"
"880-35-0356",1,8,41,3,"2019-02-05","11:51:00",1,"4.8"
"880-46-5796",2,17,3,10,"2019-03-17","19:53:00",1,"5.6"
"881-41-7302",2,4,56,1,"2019-01-26","10:06:00",3,"4.5"
"882-40-4577",2,9,1,4,"2019-01-19","15:28:00",1,"8.0"
"883-17-4236",1,15,12,2,"2019-03-02","19:44:00",3,"7.2"
"883-69-1285",3,17,21,2,"2019-03-06","11:55:00",2,"7.0"
"884-80-6021",1,16,9,10,"2019-03-23","13:14:00",1,"9.5"
"885-17-6250",1,9,52,1,"2019-03-06","10:36:00",1,"7.3"
"885-56-0389",2,12,28,1,"2019-02-12","17:49:00",3,"4.0"
"886-18-2897",1,12,10,5,"2019-03-22","19:06:00",1,"4.5"
"886-54-6089",2,11,47,6,"2019-01-15","17:24:00",1,"7.7"
"886-77-9084",3,10,41,8,"2019-02-19","11:33:00",3,"5.5"
"887-42-0517",1,13,42,7,"2019-01-10","10:31:00",3,"6.6"
"888-02-0338",1,3,31,9,"2019-01-25","20:24:00",1,"5.9"
"889-04-9723",1,20,39,4,"2019-01-07","12:20:00",2,"7.8"
"891-01-7034",3,6,56,6,"2019-01-01","19:07:00",2,"6.7"
"891-58-8335",2,15,43,7,"2019-03-11","15:53:00",2,"6.5"
"892-05-6689",2,2,24,5,"2019-03-11","13:28:00",1,"6.2"
"894-41-5205",3,17,15,8,"2019-01-19","19:39:00",3,"8.3"
"895-03-6665",1,17,55,9,"2019-02-16","10:52:00",2,"4.2"
"895-66-0685",2,14,51,3,"2019-03-05","19:46:00",2,"8.0"
"896-34-0956",1,12,54,1,"2019-01-26","12:43:00",1,"5.9"
"898-04-2717",3,19,44,9,"2019-03-19","15:49:00",1,"7.5"
"102-06-2002",1,12,60,5,"2019-03-20","17:52:00",3,"6.1"
"102-77-2261",1,13,58,7,"2019-03-05","18:02:00",3,"4.2"
"105-10-6182",1,3,31,2,"2019-02-27","12:22:00",1,"6.6"
"105-31-1824",2,15,47,7,"2019-02-01","15:10:00",1,"8.5"
